s_no,sample_id,gps_latitude,gps_longitude,geo
1,33D4AC8FEBC84C64B0E1B84F2483A897,17.462395,78.440887,
2,5A2371AA7F434A7390B44166BFDC14CF,17.462395,78.440887,
3,8A88E9F2B3914F0C852D44CE5C26B298,17.462395,78.440887,
4,F6AC0A12AD714EDDA44B8380B40F1142,17.462395,78.440887,
5,0A69D20933054214AC158F94AB35155B,17.462395,78.440887,
6,FA007C42B57B4F2991163F405D5F6CA5,17.462395,78.440887,
7,7EC7570667C6490AADB696DFFF7DDFFB,17.462395,78.440887,
8,A986F9B6DFF541AEB7FD8AB17291E80A,17.462395,78.440887,
9,7FCD450C9AB449738EE9F178ED776773,17.463057,78.438538,
10,F3BF993D3A63485F8CEC8E51B93439B0,17.463057,78.438538,
11,A1D9F3EA0EE04FF7B67F77C09634E0AF,17.463057,78.438538,
12,84062602929E4D48BF5D828C1F422575,17.462395,78.440887,
13,C2732A194506440E9DA0BA5E3C90FE1B,17.462395,78.440887,
14,29AE8EC0C6164016AA935BFAA2D0EBD8,17.462395,78.440887,
15,694221B44D514C94B87149E2D0C73639,17.462395,78.440887,
16,3C5975B8B5F341CC9AD2179A368036C3,78.393242,17.43693,
17,5A2371AA7F434A7390B44166BFDC14CF,17.462395,78.440887,
18,DB3239E097464F68AE752CB4BED3CDBE,17.462395,78.440887,
19,28B66B2812934D28B5D1596982438B16,17.462395,78.440887,
20,A84883F22DC64CB2861F41FB9FA295D9,17.462395,78.440887,
21,7D2156BA6A98424BAA28A614E5FA15C0,17.462395,78.440887,
22,B8922D7419BC4E9AA9F231CA4E0FC85E,17.462395,78.440887,
23,8DCD589B5B174F5EBA3CA389DDACA5DF,17.462395,78.440887,
24,78E1C2804E114EEBA8AA3438A650CA04,17.462395,78.440887,
25,627DB1B981B240DBB77838ACCBF0434C,17.462395,78.440887,
26,251421CAD3574B36BC672BA33D624709,17.462395,78.440887,
27,D9636010916C4C21A35B8A4D7369EDE5,17.462395,78.440887,
28,E45601CF5F8B4973961D13048286BC04,17.462395,78.440887,
29,D5631ADA8F344C86A930CC27C72C245A,17.462395,78.440887,
30,289A1635B51646BB854998FF99F56BA0,17.462395,78.440887,
31,A669A983F83A43ADAC3ACDB306631477,17.462395,78.440887,
32,29CDE42648BC49C4962A58506B37555C,17.462395,78.440887,
33,044A358EA5D344E29D461EE628179830,17.462395,78.440887,
34,051992849EDB4D06BDDD78E57E51ACBF,17.462395,78.440887,
